CRS,Tiploc,Description,Stannox
DUS,DUSSDRF,DUSSELDORF HBF,13
ESS,ESSNHBF,ESSEN HBF,20
BUM,BOCHUM,BOCHUM HBF,23
DTM,DORTMND,DORTMUND HBF,25
BNJ,BONNHBF,BONN HBF,31
FRH,CALAFGV,CALAIS FRETHUN GARE VGRS,711
CHV,CLVMEZR,CHARLEVILLE-MEZIERES,748
XIB,BORGSTM,BOURG ST MAURICE,768
AVI,AVIGCMT,AVIGNON C M T,783
CMC,CHAMCLE,CHAMBERY-CHALLES-LES-EAUX,785
BOX,BORDSTJ,BORDEAUX ST. JEAN,792
DAX,DAXX,DAX,794
CER,CERBERE,CERBERE,798
BXS,BRUXMID,BRUXELLES MIDI,850
BBR,BETTMBG,BETTEMBOURG,889
DHS,DNHAAG,DEN HAAG CS,927
AMS,AMSTDAM,AMSTERDAM C.S.,950
ABC,ALTNBRC,ALTNABREAC,1010
BRA,BRORA,BRORA,1021
DNO,DNROBIN,DUNROBIN CASTLE,1023
CUA,CULRAIN,CULRAIN,1037
ARD,ARDGAY,ARDGAY,1041
ASS,ALNESS,ALNESS,1058
DRN,DUIRNSH,DUIRINISH,1072
DCG,DUNCRAG,DUNCRAIG,1074
ATT,ATADALE,ATTADALE,1076
ACH,ACHHSHL,ACHNASHELLACH,1078
ACN,ACHNSHN,ACHNASHEEN,1079
AAT,ACHANLT,ACHANALT,1081
BEL,BEAULY,BEAULY,1089
DIN,DINGWAL,DINGWALL,1091
CBD,CONONBR,CONON BRIDGE,1101
CAG,CARRBDG,CARRBRIDGE,1138
BGR,BOATOFG,BOAT OF GARTEN,1143
AVM,AVIEMRE,AVIEMORE,1144
DLW,DALWHIN,DALWHINNIE,1154
ELG,ELGIN,ELGIN,2007
DUT,DUFTOWN,DUFFTOWN,2011
DYC,DYCE,DYCE,2042
ABD,ABRDEEN,ABERDEEN,2071
XAC,ABRDCH,ABERDEEN CLAYHILLS CAR.M.D,2075
ARB,ARBROTH,ARBROATH,3023
CAN,CNST,CARNOUSTIE,3031
BYL,BRRYLNK,BARRY LINKS,3038
BSI,BALMOSS,BALMOSSIE,3040
BYF,BRFRY,BROUGHTY FERRY,3041
DEE,DUNDETB,DUNDEE,3054
DUE,DUNDWTC,DUNDEE WEST T.C.,3060
XDE,DUNDEHS,DUNDEE H.S.,3062
BLA,BLARATH,BLAIR ATHOLL,3101
DKD,DUNKELD,DUNKELD & BIRNAM,3106
DBL,DUNANE,DUNBLANE,3161
BEA,BGOALAN,BRIDGE OF ALLAN,3165
CUP,CUPAR,CUPAR,3205
CDD,CDND,CARDENDEN,3248
COW,CWDNBTH,COWDENBEATH,3256
XCJ,CLNYBDJ,CLUNYBRIDGE JN,3257
BTS,BISLND,BURNTISLAND,3291
AUR,ABDO,ABERDOUR,3295
DAG,DALGETY,DALGETY BAY,3298
DFL,DNFRMQM,DUNFERMLINE QUEEN MARGARET,3319
DFE,DNFRMLE,DUNFERMLINE TOWN,3321
ALO,ALLOA,ALLOA,3375
BHG,BTHGATE,BATHGATE,4010
EDP,EDINPRK,EDINBURGH PARK,4039
BRC,BREICH,BREICH,4088
ADW,ADIEWEL,ADDIEWELL,4090
CUH,CURRIEH,CURRIEHILL,4114
DAM,DLMY,DALMENY,4201
EDB,EDINBUR,EDINBURGH,4303
EGY,EDINGWY,EDINBURGH GATEWAY,4304
XCN,CRGNTNY,CRAIGENTINNY T.&R.S.M.D,4521
BSU,BRUSTAN,BRUNSTANE,4635
EKB,ESKBANK,ESKBANK,4709
DRM,DREMJ,DREM,4821
DUN,DUNBAR,DUNBAR,4827
CMO,CAMELON,CAMELON,5037
ARG,ARISAIG,ARISAIG,6004
BSL,BEASDAL,BEASDALE,6005
CPA,CORPACH,CORPACH,6010
BNV,BANAVIE,BANAVIE,6013
CRR,CORROUR,CORROUR,6031
BRO,BOORCHY,BRIDGE OF ORCHY,6037
CON,CONNELF,CONNEL FERRY,6046
DAL,DLMALLY,DALMALLY,6053
CNR,CRNLRCH,CRIANLARICH,6058
AUI,ARDLUI,ARDLUI,6059
ART,ARCHRAT,ARROCHAR & TARBET,6101
CGD,CRGDRN,CRAIGENDORAN,6111
CDR,CDRS,CARDROSS,6113
BHC,BALLOCH,BALLOCH,6121
ALX,ALXANDR,ALEXANDRIA,6123
DLR,DLREOCH,DALREOCH,6134
DBC,DMBRTNC,DUMBARTON CENTRAL,6136
DBE,DMBRTNE,DUMBARTON EAST,6137
BWG,BOWLING,BOWLING,6203
DMR,DALMUIR,DALMUIR,6211
DMY,DRUMRY,DRUMRY,6217
DMC,DRMCHPL,DRUMCHAPEL,6219
ANL,ANSL,ANNIESLAND,6222
KVD,DAWSHLM,KELVINDALE,6230
ASF,ASFIELD,ASHFIELD,6245
BRN,BSDN,BEARSDEN,6305
CYK,CLYBANK,CLYDEBANK,6345
CHC,CHRNGXG,CHARING CROSS,6365
XED,EFLDTMD,EASTFIELD H.S.,6430
BBG,BSHB,BISHOPBRIGGS,6443
CRO,CROY,CROY,6457
BNL,BNHL,BARNHILL,6523
AXP,ALXPD,ALEXANDRA PARADE,6525
DST,DUKEST,DUKE STREET,6527
BLG,BLGRVE,BELLGROVE,6701
CAY,CNTY,CARNTYNE,6706
EST,ESHS,EASTERHOUSE,6712
BAI,BLAIRHL,BLAIRHILL,6714
BCN,BRNCHTN,BRANCHTON,7005
DFR,DRMFCHR,DRUMFROCHAR,7009
CDY,CRTSDYK,CARTSDYKE,7023
BGS,BOGSTON,BOGSTON,7028
CKT,CROKSTN,CROOKSTON,7118
CKH,CKHL,CORKERHILL,7124
XCK,CKHLCSD,CORKERHILL C.S.M.D.,7125
DUM,DUMBRCK,DUMBRECK,7127
BPT,BISHPTN,BISHOPTON,7132
CDO,CDNL,CARDONALD,7154
BRR,BRHD,BARRHEAD,7224
CMY,CRSMYLF,CROSSMYLOOF,7229
EKL,EKILBRD,EAST KILBRIDE,7231
CCT,CCRT,CATHCART,7238
AND,ANDRSTN,ANDERSTON,7253
AGS,ARGYLST,ARGYLE STREET,7259
BDG,BRIDGTN,BRIDGETON,7269
DAK,DLMRNOK,DALMARNOCK,7272
CML,CARMYLE,CARMYLE,7294
BIO,BALISTN,BAILLIESTON,7296
BGI,BRGDDIE,BARGEDDIE,7297
CUB,CMBRNLD,CUMBERNAULD,7301
CBC,COATBDC,COATBRIDGE CENTRAL,7312
DRU,DRMGLCH,DRUMGELLOCH,7323
ARM,ARMDALE,ARMADALE,7324
ADR,AIRDRIE,AIRDRIE,7327
BKR,BLKRDGE,BLACKRIDGE,7328
COA,COATDYK,COATDYKE,7329
CBS,COATBDS,COATBRIDGE SUNNYSIDE,7331
CAC,CLDRCRX,CALDERCRUIX,7334
CBL,CMBSLNG,CAMBUSLANG,7411
BLH,BLSHL,BELLSHILL,7429
CEA,CLELAND,CLELAND,7430
CRF,CARFIN,CARFIN,7432
XJB,BENHARJ,BENHAR JN,7435
AIR,AIRBLES,AIRBLES,7476
BLT,BLANTYR,BLANTYRE,7486
CTE,CHTLRT,CHATELHERAULT,7490
BUI,BRSDE,BURNSIDE,7553
CFF,CFFT,CROFTFOOT,7555
COI,CROSSHL,CROSSHILL,7573
BUS,BUSBY,BUSBY,7613
CKS,CLRKSTN,CLARKSTON,7615
CLU,CRLK,CARLUKE,7955
CRS,CRSTRS,CARSTAIRS,7962
XBA,BROWNHJ,BROWNHILL JN,8007
DLY,DALRY,DALRY,8101
ASB,ARDRSSB,ARDROSSAN SOUTH BEACH,8198
XAT,ARDRSDS,ARDROSSAN E.M.U. SDG,8200
ADN,ARDRSTN,ARDROSSAN TOWN,8204
ADS,ARDRSHB,ARDROSSAN HARBOUR,8208
BSS,BARASIE,BARASSIE,8411
AYR,AYRR,AYR,8618
XAR,AYRRCSD,AYR C.S.D.,8621
BRL,BRRHL,BARRHILL,8645
DNL,DNLP,DUNLOP,8701
AUK,ACHILCK,AUCHINLECK,8825
DMF,DUMFRES,DUMFRIES,9022
ANN,ANNAN,ANNAN,9033
XKY,CARLILY,CARLISLE N.Y.,9150
CAR,CARLILE,CARLISLE,9161
XUM,CARLTMD,UPPERBY T.M.D.,9195
DLS,DALSTON,DALSTON,9213
AWT,ARMTHWT,ARMATHWAITE,9415
APP,APBY,APPLEBY,9426
DNT,DENT,DENT,9443
ASP,ASPTRIA,ASPATRIA,10021
CKL,CRCK,CORKICKLE,10124
BYS,BRYSTNS,BRAYSTONES,10195
DRI,DRIGG,DRIGG,10205
BUD,BNSD,BURNESIDE,11005
BOC,BOOTLE,BOOTLE,11209
ASK,ASKAM,ASKAM,11225
BIF,BAROW,BARROW-IN-FURNESS,11231
XBF,BAROWCS,BARROW C.S.,11233
DLT,DALTON,DALTON,11271
CAK,CARK,CARK,11331
ARN,ARNSIDE,ARNSIDE,11403
XCS,CRNFUGL,CARNFORTH D&U.G.L.,11519
CNF,CRNF,CARNFORTH,11525
XOA,CRNFNJN,CARNFORTH NORTH JN,11526
BEN,BNTHAM,BENTHAM,11563
CPY,CLPM,CLAPHAM (NTH YORKSHIRE),11565
BAR,BARELA,BARE LANE,11711
BWK,BRWCKUT,BERWICK-UPON-TWEED,12001
CHT,CHHL,CHATHILL,12109
ALM,ALNMOTH,ALNMOUTH FOR ALNWICK,12112
ACK,ACKLNGT,ACKLINGTON,12115
CRM,CRMLNGT,CRAMLINGTON,12136
APN,AIRP,AIRPORT (NEWCASTLE),12401
BNO,BENTMET,BENTON (METRO),12419
BMP,BRMPTNC,BRAMPTON (CUMBRIA),13302
BLL,BRDNML,BARDON MILL,13311
CRB,CRBG,CORBRIDGE,13318
BLO,BLAYDON,BLAYDON,13403
DOT,DNSN,DUNSTON,13523
CLS,CLST,CHESTER-LE-STREET,13571
DHM,DRHM,DURHAM,13702
BNR,BRWHINS,BROCKLEY WHINS,14003
EBL,EBOLDON,EAST BOLDON,14006
CIC,CIVI,PARK LANE (SUNDERLAND),14034
BIL,BLNGHM,BILLINGHAM,15039
BTT,BTRSBY,BATTERSBY,15511
COM,COMONDL,COMMONDALE,15513
DNY,DANBY,DANBY,15515
CSM,CTNM,CASTLETON MOOR,15517
EGT,EGTON,EGTON,15519
EAG,EGLSCLF,EAGLESCLIFFE,15701
ALW,ALLENSW,ALLENS WEST,15702
DND,DINSDAL,DINSDALE,15714
BIA,BSAUKLD,BISHOP AUCKLAND,15826
DAR,DLTN,DARLINGTON,15866
CTL,CATTAL,CATTAL,16116
CHF,CHFN,CHURCH FENTON,16495
EGF,EGRFRTH,EAST GARFORTH,16603
CFD,CASTLFD,CASTLEFORD,16912
CEY,CONONLY,CONONLEY,17008
CFL,CFLATTS,CROSSFLATTS,17014
BIY,BNGY,BINGLEY,17016
BDQ,BRADFS,BRADFORD FORSTER SQUARE,17019
BLD,BAILDON,BAILDON,17038
BUW,BURLYIW,BURLEY-IN-WHARFEDALE,17045
APY,APERLYB,APPERLEY BRIDGE,17050
BEY,BNRHYDN,BEN RHYDDING,17054
BUY,BRLEYPK,BURLEY PARK,17101
CRG,CSGT,CROSS GATES,17112
COT,COTNGLY,COTTINGLEY,17143
XES,ESJLEDS,ENGINE SHED JN.,17149
XRF,CRFTDEP,CROFTON DEPOT,18035
DRT,DRTN,DARTON,18402
BTL,BATLEY,BATLEY,18437
DEW,DWBY,DEWSBURY,18438
ELN,ELLAND,ELLAND,18453
BGH,BRHOUSE,BRIGHOUSE,18455
DHN,DEIGHTN,DEIGHTON,18472
BBW,BERRYB,BERRY BROW,18488
BHS,BKHLS,BROCKHOLES,18492
DBD,DNDL,DENBY DALE,18498
BDI,BRADIN,BRADFORD INTERCHANGE,18641
BLE,BRMLYSR,BRAMLEY,18654
BEM,BEMPTON,BEMPTON,19006
BDT,BRDLNGT,BRIDLINGTON,19007
DRF,DRIFILD,DRIFFIELD,19016
ARR,ARRAM,ARRAM,19019
BEV,BEVERLY,BEVERLEY,19023
CGM,CTTGHM,COTTINGHAM,19031
BUH,BROUGH,BROUGH,19211
BMF,BRFT,BROOMFLEET,19213
EGN,ESTRNGT,EASTRINGTON,19218
BAU,BRTHMBR,BARTON-ON-HUMBER,21001
BAV,BARWHVN,BARROW HAVEN,21004
CLE,CLTHRPS,CLEETHORPES,21141
BTB,BNTBY,BARNETBY,21415
ALP,ALTPE,ALTHORPE,22075
CWE,CROWLE,CROWLE,23003
BYK,BTLYSY,BENTLEY (S.YORKS),23115
AWK,ADWICK,ADWICK,23118
XWV,DONCWY,DONCASTER WEST YARD,23418
DON,DONC,DONCASTER,23421
BTD,BLTNODR,BOLTON-UPON-DEARNE,24011
CNS,CONBRGH,CONISBROUGH,24221
BNY,BNSLY,BARNSLEY,24385
CLN,CHPLTWN,CHAPELTOWN,25307
ELR,ELSC,ELSECAR,25308
DOD,DODWRTH,DODWORTH,25386
DOR,DORE,DORE & TOTLEY,25704
DRO,DRONFLD,DRONFIELD,25711
DAN,DARNALL,DARNALL,25804
CAE,BRGLCAR,CARBROOK,25805
VAE,BRGLVAL,VALLEY CENTERTAINMENT,25806
ATE,ATTRCLI,ATTERCLIFFE,25808
BGG,BRGG,BRIGG,26001
CHD,CHFD,CHESTERFIELD,27263
CWD,CRWLL,CRESWELL (DERBYS),28001
BYM,BURNMR,BURNLEY MANCHESTER ROAD,29005
CNE,COLNE,COLNE,29030
BRF,BRIERFL,BRIERFIELD,29036
BNC,BURNLYC,BURNLEY CENTRAL,29041
BUB,BURNLYB,BURNLEY BARRACKS,29043
ACR,ACRNGTN,ACCRINGTON,29061
CTW,CHOS,CHURCH & OSWALDTWISTLE,29063
CLH,CLITHRO,CLITHEROE,29143
BBN,BLKB,BLACKBURN,29150
CYT,CHTR,CHERRY TREE,29162
DWN,DARWEN,DARWEN,29173
ENT,ENTWISL,ENTWISTLE,29175
BMC,BRMCRSS,BROMLEY CROSS,29177
BPN,BLCKPLN,BLACKPOOL NORTH,30021
XNS,BLCKNCS,BLACKPOOL NORTH CAR. M.D.,30022
BPS,BLCKS,BLACKPOOL SOUTH,30033
BPB,BLCKPB,BLACKPOOL PLEASURE BEACH,30034
AFV,ANSDELL,ANSDELL & FAIRHAVEN,30037
BMB,BMBRBDG,BAMBER BRIDGE,30133
CSO,CROT,CROSTON,30153
BCJ,BRSCGHJ,BURSCOUGH JUNCTION,30157
EBA,EUXT,EUXTON BALSHAW LANE,30163
XOU,EUXTONJ,EUXTON JN,30164
BSV,CHORBUK,BUCKSHAW PARKWAY,30201
CRL,CHORLEY,CHORLEY,30213
BLK,BLRD,BLACKROD,30221
ADL,ADNL,ADLINGTON (LANCASHIRE),30321
CAS,CSTL,CASTLETON,31044
CLI,CLTN,CLIFTON,31565
BON,BOLTON,BOLTON,31620
ECC,ECCLES,ECCLES,31739
XRK,ARDWTMD,ARDWICK T.M.D,32043
ADK,ARDWICK,ARDWICK,32045
ABY,ASHBRYS,ASHBURYS,32050
BLV,BLLVUE,BELLE VUE,32061
BNT,BRNGTN,BRINNINGTON,32064
BDY,BREDBRY,BREDBURY,32065
AHN,ASHONUL,ASHTON-UNDER-LYNE,32115
BDB,BRBM,BROADBOTTOM,32232
DTG,DNTG,DINTING,32243
DTN,DNTON,DENTON,32520
BNA,BAGE,BURNAGE,32522
EDY,EDIDBRY,EAST DIDSBURY,32524
DVN,DAVNPRT,DAVENPORT,32538
DSL,DISLEY,DISLEY,32543
CEF,CHEF,CHAPEL-EN-LE-FRITH,32547
DVH,DVHL,DOVE HOLES,32548
CHU,CHDH,CHEADLE HULME,32563
ADC,ADLC,ADLINGTON (CHESHIRE),32575
BML,BMHL,BRAMHALL,32579
ALD,ALDEDGE,ALDERLEY EDGE,32581
CEL,CHELFD,CHELFORD,32583
CSR,CHASNRD,CHASSEN ROAD,33098
CLY,CHNLY,CHINLEY,34001
EDL,EDALE,EDALE,34005
BAM,BAMFORD,BAMFORD,34011
BUX,BUXTON,BUXTON,34201
BES,BESCRLA,BESCAR LANE,35018
BCB,BRSCGHB,BURSCOUGH BRIDGE,35022
APB,APLYBDG,APPLEY BRIDGE,35050
ATN,ATHERTN,ATHERTON,35139
DSY,DAISYH,DAISY HILL,35141
ERL,ERLSTWN,EARLESTOWN,35325
BYN,BRYN,BRYN,35394
AUG,AGHTNPH,AUGHTON PARK,36005
AIN,AINTREE,AINTREE,36027
BDL,BKDLE,BIRKDALE,36060
ANS,AINSDAL,AINSDALE,36062
BLN,BLNDLAC,BLUNDELLSANDS & CROSBY,36068
BNW,BOOTLNS,BOOTLE NEW STRAND,36071
BOT,BOOTLOR,BOOTLE ORIEL ROAD,36072
BAH,BNKHALL,BANK HALL,36075
BRW,BNWK,BRUNSWICK,36082
AIG,AIGBURT,AIGBURTH,36086
CSG,CRSNGTN,CRESSINGTON,36088
EDG,EDGH,EDGE HILL,36170
XEG,EDGHDHS,EDGE HILL DEPOT,36173
XDG,EDGHDWG,EDGE HILL DOWN WAPPING,36174
XAL,ALERTNS,ALLERTON DEPOT,36191
ALE,ALERTN,LIVERPOOL SOUTH PW HL,36192
BGE,BROADGR,BROAD GREEN,36602
ECL,ECPK,ECCLESTON PARK,36615
BWD,BIRCHWD,BIRCHWOOD,36716
ACB,ACBG,ACTON BRIDGE,37001
DLM,DELAMER,DELAMERE,37067
CUD,CUDNGTN,CUDDINGTON,37069
ASY,ASHLEY,ASHLEY,37223
ALT,ALTRNHM,ALTRINCHAM,37225
BID,BDSTON,BIDSTON,38012
BKN,BRKNHDN,BIRKENHEAD NORTH,38151
BKP,BRKNHDP,BIRKENHEAD PARK,38153
XDB,BRKNMUD,BIRKENHEAD NORTH E.M.U.D,38155
CNP,BRKNCPK,CONWAY PARK,38157
BKC,BRKNHDC,BIRKENHEAD CENTRAL,38200
BEB,BEBNGTN,BEBINGTON,38208
BMR,BRMBRK,BROMBOROUGH RAKE,38216
BOM,BRMB,BROMBOROUGH,38218
ERA,ESTHRAK,EASTHAM RAKE,38220
CPU,CPNHRST,CAPENHURST,38304
BAC,BACHE,BACHE,38306
ELP,ELSMPRT,ELLESMERE PORT,38317
BOR,BODORGN,BODORGAN,40017
AMW,AMLWCH,AMLWCH,40021
BNG,BANGOR,BANGOR (GWYNEDD),40036
CNW,CONWY,CONWY,40045
DGY,DEGANWY,DEGANWY,40047
DLG,DOLGARG,DOLGARROG,40058
BYC,BETSYCD,BETWS-Y-COED,40061
DWD,DLWYDLN,DOLWYDDELAN,40063
BFF,BLAENAU,BLAENAU FFESTINIOG,40066
CWB,CBAY,COLWYN BAY,40071
AGL,ABGLELE,ABERGELE & PENSARN,40073
XCH,CHSTRDD,CHESTER D.M.U.D.,40304
CTR,CHST,CHESTER,40320
XCZ,CHSTYD,CHESTER YARD,40320
BCK,BCKY,BUCKLEY,41019
CGW,CAERGWL,CAERGWRLE,41027
CYB,CEFNYBD,CEFN-Y-BEDD,41029
XNF,CROESNF,CROES NEWYDD NORTH FORK,41131
CRK,CHIRK,CHIRK,41407
CRE,CREWE,CREWE,42140
XCT,CREWESY,CREWE SOUTH YARD,42141
XCR,CREWECS,CREWE C.S.,42145
XXM,CREWBHM,CREWE BAS HALL S.S.M.,42159
XXC,CREWBHN,CREWE BAS HALL S.S.N.,42159
ASG,ALSAGER,ALSAGER,42412
CNG,CONGLTN,CONGLETON,43013
BRT,BARLSTN,BARLASTON,43306
XCO,COLWICH,COLWICH,43328
BYB,BLYBDGE,BLYTHE BRIDGE,43503
CLM,CLHM,COLLINGHAM,44077
ANC,ANCASTR,ANCASTER,44101
BSN,BOSTON,BOSTON,44212
BTF,BOTESFD,BOTTESFORD,44511
ELO,ELTON,ELTON & ORSTON,44514
ALK,ASLCKTN,ASLOCKTON,44517
BIW,BIGLSWD,BIGGLESWADE,45611
DOW,DOWNHAM,DOWNHAM MARKET,46255
BND,BNDON,BRANDON,46264
XYE,ELYYNJN,ELY NORTH JN,46272
ELY,ELYY,ELY,46273
BSE,BSTEDMS,BURY ST EDMUNDS,46301
ESW,ELMSWEL,ELMSWELL,46404
DUL,DULNGHM,DULLINGHAM,47006
CYH,CHRYHNT,CHERRY HINTON,47007
CMB,CAMBNTH,CAMBRIDGE NORTH,47214
XCA,CAMBTMD,CAMBRIDGE T.&R.S.M.D.,47215
CBG,CAMBDGE,CAMBRIDGE,47221
AUD,AUDLEYE,AUDLEY END,47321
ESM,ELSENHM,ELSENHAM,47335
BIS,BSHPSFD,BISHOPS STORTFORD,47412
CMR,CMER,CROMER,48007
ACL,ACLE,ACLE,48056
BYA,BRNYARM,BERNEY ARMS,48066
CNY,CNTLEY,CANTLEY,48211
BUC,BUCKNHM,BUCKENHAM,48213
BDA,BRUNDAL,BRUNDALL,48215
BGA,BRUNDLG,BRUNDALL GARDENS,48216
ATL,ATTLBON,ATTLEBOROUGH,48501
ECS,ECLR,ECCLES ROAD,48511
DIS,DISS,DISS,49002
BCC,BECCLES,BECCLES,49103
BRP,BRAMPTN,BRAMPTON (SUFFOLK),49105
DSM,DARSHAM,DARSHAM,49109
DBR,DERBYRD,DERBY ROAD,49145
DVC,DOVRCRT,DOVERCOURT,49415
CLT,CLACTON,CLACTON-ON-SEA,50021
XLC,CLACTCS,CLACTON C.S.D.,50022
ALR,ALRESFD,ALRESFORD (ESSEX),50027
HYH,CLCHHYT,HYTHE,50030
CET,CLCHRTN,COLCHESTER TOWN,50041
XLG,CLCHCSD,COLCHESTER C.S.D.,50048
COL,CLCHSTR,COLCHESTER,50049
XLP,CLCHSTY,COLCHESTER T.C.,50051
CWC,CHPWKSC,CHAPPEL & WAKES COLNE,50107
BUE,BURES,BURES,50109
BTR,BRAINTR,BRAINTREE,50204
BTP,BRAINFP,BRAINTREE FREEPORT,50205
CES,CRESING,CRESSING,50206
CHM,CHLMSFD,CHELMSFORD,50223
BUU,BRNMONC,BURNHAM-ON-CROUCH,50304
ALN,ALTHORN,ALTHORNE,50305
BLB,BTLSBDG,BATTLESBRIDGE,50309
BIC,BILERCY,BILLERICAY,50327
BRE,BRTWOOD,BRENTWOOD,50331
EMP,EMRSPKH,EMERSON PARK,50391
CTH,CHDWLHT,CHADWELL HEATH,50405
XAK,ALDBUCS,ALDERSBROOK UP C.H.S.,50430
CHW,CHLKWEL,CHALKWELL,51011
BEF,BENFLET,BENFLEET,51014
BSO,BASILDN,BASILDON,51019
ETL,ETILBRY,EAST TILBURY,51130
CFH,CHADHDD,CHAFFORD HUNDRED,51313
ZDE,DGNHELT,DAGENHAM EAST L.T.,51359
DDK,DGNHMDC,DAGENHAM DOCK,51402
XXH,DAGNMJN,DAGENHAM JUNCTION,51412
BKG,BARKING,BARKING,51531
ZKB,BARKGLT,BARKING L.T.,51532
BHO,BLCHSRD,BLACKHORSE ROAD,51555
CRH,CROUCHH,CROUCH HILL,51563
XEM,EHMEMUD,EAST HAM E.M.U.D.,51602
ZEH,EASTHAM,EAST HAM LT,51604
BXB,BROXBRN,BROXBOURNE,51722
CHN,CHESHNT,CHESHUNT,51815
ENL,ENFLDLK,ENFIELD LOCK,51913
BMD,BRIMSDN,BRIMSDOWN,51914
XMI,COPRMLJ,COPPERMILL JUNCTION,51937
ENF,ENFLDTN,ENFIELD TOWN,51946
BHK,BHILLPK,BUSH HILL PARK,51947
XSG,BYSTJN,BURY STREET JN,51948
EDR,EDMNGRN,EDMONTON GREEN,51949
BCV,BRUCGRV,BRUCE GROVE,51952
DLK,DALSKLD,DALSTON KINGSLAND,52046
CNN,CNNB,CANONBURY,52048
XIC,CNNBELL,CANONBURY ELL,52049
XJC,CNNBYWJ,CANONBURY WEST JN,52054
CIR,CLDNNRB,CALEDONIAN RD & BARNSBURY,52058
DLJ,DALS,DALSTON JUNCTION STN ELL,52074
CWX,CANWHRF,CANARY WHARF,52208
ZBW,BROMBLT,BROMLEY-BY-BOW LT,52252
CUS,CUSTMHS,CUSTOM HOUSE,52253
XOW,BOWJ,BOW JUNCTION,52701
CHI,CHINGFD,CHINGFORD,52731
CPT,CLAPTON,CLAPTON,52735
CBH,CAMHTH,CAMBRIDGE HEATH,52738
BET,BTHNLGR,BETHNAL GREEN,52739
AWM,ASHWELC,ASHWELL & MORDEN,53011
BDK,BALDOCK,BALDOCK,53015
ARL,ARLSEY,ARLESEY,53201
BAY,BAYFORD,BAYFORD,53243
CUF,CUFFLEY,CUFFLEY,53245
CWH,CRHL,CREWS HILL,53246
ENC,ENFC,ENFIELD CHASE,53301
BOP,BOWESPK,BOWES PARK,53309
BPK,BRKMNPK,BROOKMANS PARK,53995
XGD,BNDSGRN,BOUNDS GREEN T&R.S.M.D,54101
AAP,ALEXNDP,ALEXANDRA PALACE,54103
DYP,DRYP,DRAYTON PARK,54291
EXR,ESSEXRD,ESSEX ROAD,54295
BLW,BULWELL,BULWELL,55116
ATB,ATNBRO,ATTENBOROUGH,55202
BEE,BESTON,BEESTON,55212
CTO,CRTN,CARLTON,55497
BUJ,BRTJYC,BURTON JOYCE,55499
BSB,BLEASBY,BLEASBY,55505
BIN,BINGHAM,BINGHAM,55625
ALF,ALFRETN,ALFRETON,56127
XDD,CDON,CASTLE DONINGTON,56625
EMD,EMPKWAY,EAST MIDLANDS PARKWAY,56650
CMF,CROMFD,CROMFORD,57009
AMB,AMBERGT,AMBERGATE,57013
XAJ,AMBERGJ,AMBERGATE JN,57110
BLP,BELPER,BELPER,57111
DFI,DUFIELD,DUFFIELD,57114
DBY,DRBY,DERBY,57403
XEP,DRBYEPS,ETCHES PARK SDGS,57412
BUT,BURTNOT,BURTON-ON-TRENT,57712
XUN,BTNUNMD,BARTON UNDER NEEDWOOD RSMD,57725
BWS,BAROWOS,BARROW UPON SOAR,59009
COR,CORBY,CORBY,60011
BDM,BEDFDM,BEDFORD,62011
BSJ,BESJOHN,BEDFORD ST JOHNS,62035
APG,ASPLEYG,ASPLEY GUISE,62051
BWB,BOWBRKH,BOW BRICKHILL,62055
ELS,ELTR,ELSTREE & BOREHAMWOOD,63212
CRI,CRKLWD,CRICKLEWOOD,63405
ZBB,BRBCNLT,BARBICAN,63635
CTT,CSTR,CHURCH STRETTON,64241
CWS,CARSWS,CAERSWS,64312
DVY,DOVYJN,DOVEY JUNCTION,64401
AVY,ABDVY,ABERDOVEY,64409
BRM,BRMOUTH,BARMOUTH,64414
DYF,DYFRYNA,DYFFRYN ARDUDWY,64417
CCC,CRICCTH,CRICCIETH,64503
ABH,ABRE,ABERERCH,64506
BOW,BOWSTRT,BOW STREET,64603
BRH,BORTH,BORTH,64604
AYW,ABRYSTH,ABERYSTWYTH,64607
XBJ,BSBYJN,BUSHBURY JN,65006
COS,COSFORD,COSFORD,65023
ALB,ALBRGHT,ALBRIGHTON,65033
CSL,CODSALL,CODSALL,65034
BBK,BILBROK,BILBROOK,65035
JEQ,BHAMJEW,JEWELLERY QUARTER,65210
BKT,BLKST,BLAKE STREET,65343
BUL,BTLRSLA,BUTLERS LANE,65345
CAO,CNCK,CANNOCK,65512
BWN,BLOXN,BLOXWICH NORTH,65517
BLX,BLOXWCH,BLOXWICH,65519
CRD,CHSRD,CHESTER ROAD,65605
ERD,ERDNGTN,ERDINGTON,65606
ADD,ADERLYP,ADDERLEY PARK,65614
BHM,BHAMNWS,BIRMINGHAM NEW STREET,65630
DUD,DUDESTN,DUDDESTON,65642
AST,ASTON,ASTON,65651
XBY,BSCTYD,BESCOT DOWN SIDE,65700
BSC,BSCTSTA,BESCOT STADIUM,65707
CSY,COSELEY,COSELEY,65807
DDP,DUDLPT,DUDLEY PORT,65811
CRA,CRADLYH,CRADLEY HEATH,65927
BKD,BLAKEDN,BLAKEDOWN,65938
CEH,COLESHL,COLESHILL PARKWAY,66230
XIR,BRDSLYJ,BORDESLEY JN,66324
BSW,BHAMSNH,BIRMINGHAM SNOW HILL,66409
BMO,BHAMMRS,BIRMINGHAM MOOR STREET,66411
BBS,BRDS,BORDESLEY,66412
ACG,ACOCKSG,ACOCKS GREEN,66430
DDG,DORIDGE,DORRIDGE,66433
EWD,ELWD,EARLSWOOD (WEST MIDLANDS),66447
BER,BEARLEY,BEARLEY,66454
CLV,CLAVRDN,CLAVERDON,66455
DZY,DANZEY,DANZEY,66457
BRV,BOURNVL,BOURNVILLE,66503
BTG,BGRN,BARNT GREEN,66525
ALV,ALVCHRC,ALVECHURCH,66527
BMV,BRMSGRV,BROMSGROVE,67003
DTW,DRTWCHS,DROITWICH SPA,67012
CWL,CLWALL,COLWALL,67217
EVE,EVESHAM,EVESHAM,67351
XAY,ABTSWDJ,ABBOTSWOOD JN,67371
ASC,ASHCHRC,ASHCHURCH FOR TEWKESBURY,68071
CNM,CHLTNHM,CHELTENHAM SPA,68076
XCX,ALSTONS,ALSTONE C. SIDINGS,68077
CDU,DURSLEY,CAM & DURSLEY,68140
XIM,AMNGTNJ,AMINGTON JUNCTION,69003
ATH,ATHRSTN,ATHERSTONE,69009
BEP,BERMPRK,BERMUDA PARK,69103
BEH,BEDWRTH,BEDWORTH,69106
CAA,COVAREN,COVENTRY ARENA,69199
COV,COVNTRY,COVENTRY,69202
CNL,CANLEY,CANLEY,69207
BKW,BKSWELL,BERKSWELL,69211
BHI,BHAMINT,BIRMINGHAM INTERNATIONAL,69215
BAN,BNBR,BANBURY,69424
XAN,AYNHOJ,AYNHO JN,69440
BCS,BCSTN,BICESTER NORTH,69502
XYB,BLTCYD,BLETCHLEY YARD,70300
XBQ,BLTCTMD,BLETCHLEY T.M.D.,70302
BLY,BLTCHLY,BLETCHLEY,70306
XBL,BLTCCS,BLETCHLEY C.S.,70309
CED,CHDNGTN,CHEDDINGTON,70319
AYS,AYLSBRY,AYLESBURY,70353
AVP,AYLSPWY,AYLESBURY VALE PARKWAY,70355
AMR,AMERSHM,AMERSHAM,70361
CFO,CHLFNAL,CHALFONT & LATIMER,70366
CLW,CHRW,CHORLEYWOOD,70368
BKM,BERKHMD,BERKHAMSTED,70421
XOE,BONENDJ,BOURNE END JN (HERTS),71009
APS,APSLEY,APSLEY,71023
BWO,BCWD,BRICKET WOOD,71036
BSH,BUSHEY,BUSHEY,72003
CPK,CRPNDPK,CARPENDERS PARK,72004
IMW,CSEAH,IMPERIAL WHARF,72245
ZET,ELCT,EARLS COURT L.T.,72246
ACC,ACTNCTL,ACTON CENTRAL,72252
ZBQ,BRNSTLT,BARONS COURT LT,72260
ZEK,EMBKMNT,EMBANKMENT LT,72353
ZEL,EPHT,ELEPHANT & CASTLE (LT),72359
XCM,CMDNCSD,CAMDEN C.S.D.,72401
XEN,EUSTRES,EUSTON R.E.S.,72402
XEU,EUSTUCS,EUSTON UP CARRIAGE SHED,72406
EUS,EUSTON,LONDON EUSTON,72410
BSP,BRBYPK,BRONDESBURY PARK,72414
BSY,BRBY,BRONDESBURY,72415
CMD,CMDNRD,CAMDEN ROAD,72421
BDS,BONDST,BOND STREET,73112
AML,ACTONML,ACTON MAIN LINE,73240
XAX,ACTONTC,ACTON T.C.,73250
EAL,EALINGB,EALING BROADWAY,73253
DRG,DRAYGRN,DRAYTON GREEN,73271
CBP,CBARPAR,CASTLE BAR PARK,73272
DNM,DENHAM,DENHAM,73450
DGC,DENHMGC,DENHAM GOLF CLUB,73451
BCF,BCNSFLD,BEACONSFIELD,73502
BNM,BNHAM,BURNHAM,73996
COO,COOKHAM,COOKHAM,74013
BNE,BORNEND,BOURNE END,74014
CHO,CHOLSEY,CHOLSEY,74301
DID,DIDCOTP,DIDCOT PARKWAY,74313
APF,APPLEFD,APPLEFORD,74340
CUM,CULHAM,CULHAM,74343
CME,COMBE,COMBE,74452
CBY,CHBURY,CHARLBURY,74454
AUW,ASCTUWD,ASCOTT-UNDER-WYCHWOOD,74463
BIT,BCSTRTN,BICESTER VILLAGE,74557
XJV,BCSTSJ,BICESTER SOUTH JUNCTION,74561
AMT,ALDMSTN,ALDERMASTON,74714
BDW,BEDYN,BEDWYN,74816
CPM,CHIPNHM,CHIPPENHAM,75352
CDT,CDCOT,CALDICOT,76078
CPW,CHEPSTW,CHEPSTOW,76079
CWM,CWMBRAN,CWMBRAN,76239
AGV,ABRGVNY,ABERGAVENNY,76251
CRV,CRAVENA,CRAVEN ARMS,76379
CKY,CRSKEYS,CROSS KEYS,76632
EBV,EBWVPWY,EBBW VALE PARKWAY,76646
EBB,EBWVTN,EBBW VALE TOWN,76647
CDF,CRDFCEN,CARDIFF CENTRAL,77301
DMG,DINASR,DINAS RHONDDA,78014
ABA,ABDARE,ABERDARE,78100
CMH,CMBH,CWMBACH,78110
ACY,ABRCYNS,ABERCYNON,78204
BHD,BRITHDR,BRITHDIR,78349
BGD,BARGOED,BARGOED,78351
ECP,ERGNCHP,ENERGLYN & CHURCHILL PARK,78370
ABE,ABER,ABER,78371
CPH,CRPHLY,CAERPHILLY,78374
COY,CORYTON,CORYTON,78381
BCG,BCHGRV,BIRCHGROVE,78387
CYS,CATHAYS,CATHAYS,78420
CDQ,CARDFQS,CARDIFF QUEEN STREET,78451
CDB,CARDFBR,CARDIFF BAY,78456
DCT,DANESCT,DANESCOURT,78505
XCC,CANTNCS,CARDIFF CANTON SIDINGS,78514
XPC,CANTONS,CANTON SIDINGS,78520
DGL,DGLROAD,DINGLE ROAD,78710
CGN,COGAN,COGAN,78711
EBK,EASTBRK,EASTBROOK,78713
DNS,DINASP,DINAS POWYS,78717
CAD,CADOXTN,CADOXTON,78719
BYD,BARRYDK,BARRY DOCKS,78805
BRY,BARRY,BARRY,78810
BYI,BARRYIS,BARRY ISLAND,78817
BYE,BYNEA,BYNEA,79054
AMF,AMMANFD,AMMANFORD,79064
CYN,CYNGHRD,CYNGHORDY,79078
BHR,BUILTHR,BUILTH ROAD,79080
CIM,CILMERY,CILMERI,79085
DOL,DOLAU,DOLAU,79093
BUK,BKNELL,BUCKNELL,79097
BME,BROOME,BROOME,79099
BNF,BRITFRY,BRITON FERRY,79600
BAJ,BGLAN,BAGLAN,79607
BGN,BRGEND,BRIDGEND,79791
CLR,CLARBRD,CLARBESTON ROAD,80199
CUW,CLYNDRW,CLUNDERWEN,80305
XCI,CMTHNJ,CARMARTHEN JN,80411
CMN,CMTHN,CARMARTHEN,80419
BPW,BRSTPWY,BRISTOL PARKWAY,81109
AVN,AVONMTH,AVONMOUTH,81240
CFN,CLFDOWN,CLIFTON DOWN,81259
XHL,BRSTLCW,BRISTOL BARTON HILL W.R.D.,81432
BTH,BATHSPA,BATH SPA,81501
BRI,BRSTLTM,BRISTOL TEMPLE MEADS,81700
XAB,BRSTMD,BRISTOL HSS,81800
BMT,BDMNSTR,BEDMINSTER,81813
BWT,BRDGWTR,BRIDGWATER,81924
AVF,AVNCLFF,AVONCLIFF,82073
BOA,BRDFDOA,BRADFORD-ON-AVON,82075
DMH,DILTONM,DILTON MARSH,82105
BRU,BRUTON,BRUTON,82299
CLC,CCARY,CASTLE CARY,82301
CNO,CHETNOL,CHETNOLE,82315
BIB,BSPSLYD,BISHOPS LYDEARD WS RWY,83014
BNP,BRNSTPL,BARNSTAPLE,83222
CPN,CHAPLTN,CHAPELTON,83225
EGG,EGGESFD,EGGESFORD,83232
COP,COPLSTN,COPPLESTONE,83238
CDI,CREDITN,CREDITON,83321
EXC,EXETERC,EXETER CENTRAL,83431
DIG,DIGBY,DIGBY & SOWTON,83449
CBK,CBRK,CRANBROOK,83454
AXM,AXMNSTR,AXMINSTER,83466
CKN,CRKRN,CREWKERNE,83470
DWW,DAWLSHW,DAWLISH WARREN,83603
DWL,DAWLISH,DAWLISH,83605
CHS,CHUSTON,CHURSTON T&D RLY,83638
KWR,DMTHKWR,KINGSWEAR (FOR DARTMOUTH),83639
BFL,BUCFAST,BUCKFASTLEIGH,83709
DPT,DEVNPRT,DEVONPORT,84199
DOC,DOCKYDP,DOCKYARD,84200
BFE,BEREFRS,BERE FERRERS,84205
BAS,BEREALS,BERE ALSTON,84207
CSK,CALSTCK,CALSTOCK,84209
COE,COOMBE,COOMBE JUNCTION HALT,84415
CAU,CAUSLND,CAUSELAND,84417
BOD,BODMNPW,BODMIN PARKWAY,85011
BGL,BUGLE,BUGLE,85231
CBN,CBORNE,CAMBORNE,85622
CBB,CARBISB,CARBIS BAY,85713
ESH,ESHER,ESHER,86002
ASN,ADLESTN,ADDLESTONE,86011
CHY,CHTSEY,CHERTSEY,86012
BFN,BYFLANH,BYFLEET & NEW HAW,86022
BKO,BRKWOOD,BROOKWOOD,86041
XDF,BSNGDES,BASINGSTOKE DN E END SDG,86058
BMY,BMLY,BRAMLEY (HANTS),86061
XBT,BSNGSDR,BASINGSTOKE DOWN YARD,86063
XBZ,BSNGSUR,BASINGSTOKE WEST YARD,86064
XBS,BSNGSBM,BASINGSTOKE BARTN ML C.S.D,86065
BSK,BSNGSTK,BASINGSTOKE,86066
ADV,ANDOVER,ANDOVER,86074
XEX,ELGHDCS,EASTLEIGH D.C.S.,86085
ESL,ELGH,EASTLEIGH,86087
XFB,ELGHBRM,EASTLEIGH ARLINGTON (ZG),86092
XEH,ELGHTMD,EASTLEIGH TRSMD,86093
XEW,ELGHABK,ALLBROOK,86104
CFR,CSFD,CHANDLERS FORD,86108
DEN,DEAN,DEAN,86112
BOE,BOTLEY,BOTLEY,86202
BTE,BITERNE,BITTERNE,86216
BUO,BURSLDN,BURSLEDON,86223
BDN,BRDING,BRADING,86295
CSA,COSHAM,COSHAM,86301
BDH,BDHMPTN,BEDHAMPTON,86339
EMS,EMSWTH,EMSWORTH,86343
BOH,BOSHAM,BOSHAM,86373
CCH,CHCHSTR,CHICHESTER,86424
XBN,BOGNCHS,BOGNOR REGIS C.H.S.,86441
BOG,BOGNORR,BOGNOR REGIS,86441
BAA,BRHM,BARNHAM,86451
BEU,BLIEURD,BEAULIEU ROAD,86896
BCU,BKNHRST,BROCKENHURST,86901
CHR,CHRISTC,CHRISTCHURCH,86915
BMH,BOMO,BOURNEMOUTH,86921
XBM,BOMOCSD,BOURNEMOUTH T&R.S.M.D,86923
BSM,BRANKSM,BRANKSOME,86927
BHA,BOMOHAP,BOURNEMOUTH HURN AIRPORT,86928
DCH,DRCHS,DORCHESTER SOUTH,86976
DCW,DRCHW,DORCHESTER WEST,86977
EAR,ERLY,EARLEY,87002
CRN,CRWTHRN,CROWTHORNE,87006
BAW,BCKWATR,BLACKWATER,87009
ASH,ASHH,ASH,87014
ARF,ALRSFRD,ALRESFORD,87018
AON,ALTON,ALTON,87021
BTY,BNTEY,BENTLEY,87024
AHT,ALDRSHT,ALDERSHOT,87031
AHV,ASHVALE,ASH VALE,87041
XEJ,EFNGSHD,EFFINGHAM JN. C.H.S.,87056
CLA,CLANDON,CLANDON,87069
EFF,EFNGHMJ,EFFINGHAM JUNCTION,87071
BKA,BOOKHAM,BOOKHAM,87072
XFF,EFNGJNK,EFFINGHAM JUNCTION NECK,87073
CSD,CBHMSDA,COBHAM & STOKE D'ABERNON,87074
CHL,CHLWTH,CHILWORTH,87082
DKT,DRKGW,DORKING WEST,87084
BTO,BTCHWTH,BETCHWORTH,87085
DPD,DEPDENE,DORKING DEEPDENE,87086
CAM,CMBLEY,CAMBERLEY,87099
BCE,BRACKNL,BRACKNELL,87101
BAG,BAGSHOT,BAGSHOT,87102
ACT,ASCOT,ASCOT,87103
EGH,EGHAM,EGHAM,87107
DAT,DATCHET,DATCHET,87110
AFS,ASFDMSX,ASHFORD (MIDDLESEX),87117
ZAE,ALDGEST,ALDGATE EAST LT,87123
BFD,BNTFORD,BRENTFORD,87144
CHK,CHISWCK,CHISWICK,87148
BNS,BARNES,BARNES,87149
BNI,BNSBDGE,BARNES BRIDGE,87150
BRS,BRLANDS,BERRYLANDS,87170
CLG,CLYGATE,CLAYGATE,87189
BAK,BATRSPK,BATTERSEA PARK,87203
CLP,CLPHHS,CLAPHAM HIGH STREET,87209
XCP,CLPHJCS,CLAPHAM JN. C.S.,87219
CLJ,CLPHMJN,CLAPHAM JUNCTION,87219
XYM,CLPHMYM,CLAPHAM YARD,87221
BAL,BALHAM,BALHAM,87222
ZPU,EPUTNEY,EAST PUTNEY,87243
CTK,CTMSLNK,CITY THAMESLINK,87244
BFR,BLFR,LONDON BLACKFRIARS,87245
EPH,ELPHNAC,ELEPHANT & CASTLE,87246
BRX,BRIXTON,BRIXTON,87248
EAD,ERLFLD,EARLSFIELD,87250
EWW,EWELW,EWELL WEST,87304
CSN,CHSSN,CHESSINGTON NORTH,87405
CSS,CHSSS,CHESSINGTON SOUTH,87411
ZCW,CNDAW,CANADA WATER,87568
XLJ,BRCKLAJ,BRICKLAYERS ARMS JN,87602
DMK,DENMRKH,DENMARK HILL,87606
EDW,EDULWCH,EAST DULWICH,87610
CYP,CRYSTLP,CRYSTAL PALACE,87625
BCY,BROCKLY,BROCKLEY,87629
ANZ,ANERLEY,ANERLEY,87644
MTC,ESTFLDS,MITCHAM EASTFIELDS,87659
CSB,CRSHLTB,CARSHALTON BEECHES,87665
CSH,CRSHLTN,CARSHALTON,87669
BLM,BELM,BELMONT,87675
BAD,BANSTED,BANSTEAD,87677
CHE,CHEAM,CHEAM,87678
EWE,EWELLE,EWELL EAST,87679
EPS,EPSM,EPSOM,87681
XFK,EPSMUS,EPSOM - UP SIDINGS,87682
AHD,ASHD,ASHTEAD,87683
BXW,BOXHAWH,BOX HILL & WESTHUMBLE,87686
DKG,DORKING,DORKING,87687
EPD,EPSDNS,EPSOM DOWNS,87692
ECR,ECROYDN,EAST CROYDON,87701
CAT,CATERHM,CATERHAM,87706
CHP,CHSD,CHIPSTEAD,87710
CDN,COLSTWN,COULSDON TOWN,87713
EBR,EDNB,EDENBRIDGE,87736
DMS,DORMANS,DORMANS,87757
EGR,EGRNSTD,EAST GRINSTEAD,87759
EBT,EDNT,EDENBRIDGE TOWN,87760
CWN,COWDEN,COWDEN,87761
AHS,ASHURST,ASHURST,87763
ERI,ERIDGE,ERIDGE,87764
COH,CBGH,CROWBOROUGH,87766
BXD,BXTD,BUXTED,87768
CDS,COLSDNS,COULSDON SOUTH,87900
ELD,EARLSWD,EARLSWOOD (SURREY),87903
CRW,CRAWLEY,CRAWLEY,87931
CHH,CHRSTSH,CHRISTS HOSPITAL,87948
BIG,BILSHST,BILLINGSHURST,87951
AMY,AMLY,AMBERLEY,87957
ARU,ARUNDEL,ARUNDEL,87958
XXA,ARUNDLJ,ARUNDEL JN,87959
BAB,BALCOMB,BALCOMBE,87963
BUG,BURGESH,BURGESS HILL,87971
BTN,BRGHTN,BRIGHTON,87980
XMP,BRGHMHS,BRIGHTON MONTPELIER C.H.S.,87981
XBP,BRGHTTY,BRIGHTON DOWN SIDING,87981
XDV,BRGHLHS,BRIGHTON L.H.S,87983
AGT,ALDTON,ALDRINGTON,87985
EWR,EWRTHNG,EAST WORTHING,87993
DUR,DRNGTOS,DURRINGTON-ON-SEA,87996
ANG,ANGMRNG,ANGMERING,87998
XYC,CRAWNYD,CRAWLEY NEW YARD,88003
LRB,BRGHLRD,LONDON ROAD (BRIGHTON),88141
CBR,COKSBDG,COOKSBRIDGE,88211
BIP,BSSN,BISHOPSTONE,88238
BRK,BERWICK,BERWICK,88246
XEB,EBOUCS,EASTBOURNE C.S.,88253
EBN,EBOURNE,EASTBOURNE,88254
COB,CODNBCH,COODEN BEACH,88269
CLL,CTNG,COLLINGTON,88274
BEX,BEXHILL,BEXHILL,88275
XOP,BOPEEPJ,BOPEEP JN S.B.,88284
DLH,DOLEHAM,DOLEHAM,88296
CFB,CATFBDG,CATFORD BRIDGE,88311
BIK,BIRKBCK,BIRKBECK,88312
BKJ,BCKNHMJ,BECKENHAM JUNCTION,88315
CLK,CLOCKHS,CLOCK HOUSE,88319
ELE,ELMERSE,ELMERS END,88321
EDN,EDPK,EDEN PARK,88325
CHX,CHRX,LONDON CHARING CROSS,88401
CST,CANONST,LONDON CANNON STREET,88403
BKH,BLKHTH,BLACKHEATH,88416
ELW,ELTHAM,ELTHAM,88418
BXH,BXLYHTH,BEXLEYHEATH,88421
BNH,BRNHRST,BARNEHURST,88422
DEP,DEPTFD,DEPTFORD,88431
XRT,DARTFDJ,DARTFORD JN,88438
AYP,ALBNYPK,ALBANY PARK,88462
BXY,BEXLEY,BEXLEY,88463
CRY,CRFD,CRAYFORD,88464
DFD,DARTFD,DARTFORD,88466
CFT,CFPK,CROFTON PARK,88467
ESD,ELMW,ELMSTEAD WOODS,88468
CTF,CATFORD,CATFORD,88469
BGM,BELNGHM,BELLINGHAM,88471
BEC,BCKNHMH,BECKENHAM HILL,88472
BMS,BROMLYS,BROMLEY SOUTH,88477
BKL,BICKLEY,BICKLEY,88478
XLY,BICKLYJ,BICKLEY JN,88479
BMN,BROMLYN,BROMLEY NORTH,88482
CIT,CHSLHRS,CHISLEHURST,88483
CLD,CHLSFLD,CHELSFIELD,88495
CTN,CRLN,CHARLTON,88515
ABW,ABWD,ABBEY WOOD,88601
BVD,BELVEDR,BELVEDERE,88602
ERH,ERITH,ERITH,88604
ABX,ABWDXR,ABBEY WOOD (CROSSRAIL),88607
XLF,CLFFBM,CLIFFE BRETT MARINE,88735
CTM,CHATHAM,CHATHAM,89007
XXD,CHATMDY,CHATHAM DOCKYARD,89015
CUX,CXTN,CUXTON,89302
AYL,AYLESFD,AYLESFORD,89309
EFL,EFARLGH,EAST FARLEIGH,89322
BEG,BLTRNAB,BELTRING,89329
DNG,DTNG,DUNTON GREEN,89342
BBL,BATABAL,BAT & BALL,89349
ETC,ETCHNGM,ETCHINGHAM,89394
BAT,BATTLE,BATTLE,89398
CWU,CRWHRST,CROWHURST,89399
BRG,BORWGAW,BOROUGH GREEN & WROTHAM,89401
BMG,BARMING,BARMING,89402
BSD,BSTD,BEARSTED,89404
CHG,CRNG,CHARING,89408
EML,EMALING,EAST MALLING,89411
XEV,CHRTLCN,CHART LEACON T&R.S.M.D,89417
ASI,ASHFKI,ASHFORD INTERNATIONAL,89428
AFK,ASHFKY,ASHFORD INTERNATIONAL,89428
APD,APDR,APPLEDORE (KENT),89432
CIL,CLMN,CHILHAM,89443
CRT,CHARTHM,CHARTHAM,89445
CBW,CNTBW,CANTERBURY WEST,89446
DEA,DEAL,DEAL,89465
DMP,DUMPTNP,DUMPTON PARK,89470
BSR,BRSR,BROADSTAIRS,89474
BCH,BCNGNOS,BIRCHINGTON-ON-SEA,89479
CSW,CHSW,CHESTFIELD & SWALECLIFFE,89486
CBE,CNTBE,CANTERBURY EAST,89512
BKS,BEKSBRN,BEKESBOURNE,89513
ADM,ADISHAM,ADISHAM,89514
AYH,ALSHAM,AYLESHAM,89515
XUK,BCKJN,BUCKLAND JN,89521
XXJ,EBSFWJN,EBBSFLEET W JN,89529
EBD,EBSFDOM,EBBSFLEET INTL (DOMESTIC),89530
EBF,EBSFLTI,EBBSFLEET INTERNATIONAL,89530
XXI,EBSFEJN,EBBSFLEET E JN,89532
XXG,CSMLX,CRISMILL CROSSOVER,89554
XXB,CRNGX,CHARING CROSSOVER (CTRL),89564
XIW,ASHFCWJ,ASHFORD WEST JN (CTRL),89566
XIE,ASHFCEJ,ASHFORD EAST JN (CTRL),89572
DVP,DOVERP,DOVER PRIORY,89611
XLM,DOLMORS,DOLLANDS MOOR SDGS,89735
XTP,DOLMEST,DOLLANDS MOOR T.P.L.,89739